mean_score,std dev score,alpha,fit_prior
0.611895431451,0.00324907801789
